{"type": "block", "layer": 1, "block": 0, "features": [{"geom": {"pts": [[-26.661279966547806, -10.62083626504951, 5.791679320238437]], "scale": 0.3}, "mtl": 0, "prop": []}, {"geom": {"pts": [[35.438868409211146, 2.1998395286554686, 5.719916771561047]], "scale": 0.3}, "mtl": 0, "prop": []}, {"geom": {"pts": [[-0.11847461239277157, 9.511631192253066, 4.767159912522898]], "scale": 0.3}, "mtl": 0, "prop": []}]}